{
  "ABIRoot": {
    "kind": "Root",
    "name": "TopLevel",
    "printedName": "TopLevel",
    "children": [
      {
        "kind": "Import",
        "name": "UIKit",
        "printedName": "UIKit",
        "declKind": "Import",
        "moduleName": "Boltive",
        "declAttributes": [
          "RawDocComment"
        ]
      },
      {
        "kind": "Import",
        "name": "Foundation",
        "printedName": "Foundation",
        "declKind": "Import",
        "moduleName": "Boltive",
        "declAttributes": [
          "RawDocComment"
        ]
      },
      {
        "kind": "Import",
        "name": "UIKit",
        "printedName": "UIKit",
        "declKind": "Import",
        "moduleName": "Boltive",
        "declAttributes": [
          "RawDocComment"
        ]
      },
      {
        "kind": "Import",
        "name": "UIKit",
        "printedName": "UIKit",
        "declKind": "Import",
        "moduleName": "Boltive",
        "declAttributes": [
          "RawDocComment"
        ]
      },
      {
        "kind": "Import",
        "name": "WebKit",
        "printedName": "WebKit",
        "declKind": "Import",
        "moduleName": "Boltive"
      },
      {
        "kind": "Import",
        "name": "Foundation",
        "printedName": "Foundation",
        "declKind": "Import",
        "moduleName": "Boltive",
        "declAttributes": [
          "RawDocComment"
        ]
      },
      {
        "kind": "Import",
        "name": "Foundation",
        "printedName": "Foundation",
        "declKind": "Import",
        "moduleName": "Boltive",
        "declAttributes": [
          "RawDocComment"
        ]
      },
      {
        "kind": "Import",
        "name": "Foundation",
        "printedName": "Foundation",
        "declKind": "Import",
        "moduleName": "Boltive",
        "declAttributes": [
          "RawDocComment"
        ]
      },
      {
        "kind": "TypeDecl",
        "name": "BoltiveAdNetwork",
        "printedName": "BoltiveAdNetwork",
        "children": [
          {
            "kind": "Var",
            "name": "GoogleAdManager",
            "printedName": "GoogleAdManager",
            "children": [
              {
                "kind": "TypeFunc",
                "name": "Function",
                "printedName": "(Boltive.BoltiveAdNetwork.Type) -> Boltive.BoltiveAdNetwork",
                "children": [
                  {
                    "kind": "TypeNominal",
                    "name": "BoltiveAdNetwork",
                    "printedName": "Boltive.BoltiveAdNetwork",
                    "usr": "s:7Boltive0A9AdNetworkO"
                  },
                  {
                    "kind": "TypeNominal",
                    "name": "Metatype",
                    "printedName": "Boltive.BoltiveAdNetwork.Type",
                    "children": [
                      {
                        "kind": "TypeNominal",
                        "name": "BoltiveAdNetwork",
                        "printedName": "Boltive.BoltiveAdNetwork",
                        "usr": "s:7Boltive0A9AdNetworkO"
                      }
                    ]
                  }
                ]
              }
            ],
            "declKind": "EnumElement",
            "usr": "s:7Boltive0A9AdNetworkO06GoogleB7ManageryA2CmF",
            "mangledName": "$s7Boltive0A9AdNetworkO06GoogleB7ManageryA2CmF",
            "moduleName": "Boltive"
          },
          {
            "kind": "Var",
            "name": "AppLovin",
            "printedName": "AppLovin",
            "children": [
              {
                "kind": "TypeFunc",
                "name": "Function",
                "printedName": "(Boltive.BoltiveAdNetwork.Type) -> Boltive.BoltiveAdNetwork",
                "children": [
                  {
                    "kind": "TypeNominal",
                    "name": "BoltiveAdNetwork",
                    "printedName": "Boltive.BoltiveAdNetwork",
                    "usr": "s:7Boltive0A9AdNetworkO"
                  },
                  {
                    "kind": "TypeNominal",
                    "name": "Metatype",
                    "printedName": "Boltive.BoltiveAdNetwork.Type",
                    "children": [
                      {
                        "kind": "TypeNominal",
                        "name": "BoltiveAdNetwork",
                        "printedName": "Boltive.BoltiveAdNetwork",
                        "usr": "s:7Boltive0A9AdNetworkO"
                      }
                    ]
                  }
                ]
              }
            ],
            "declKind": "EnumElement",
            "usr": "s:7Boltive0A9AdNetworkO8AppLovinyA2CmF",
            "mangledName": "$s7Boltive0A9AdNetworkO8AppLovinyA2CmF",
            "moduleName": "Boltive"
          },
          {
            "kind": "Var",
            "name": "AdMob",
            "printedName": "AdMob",
            "children": [
              {
                "kind": "TypeFunc",
                "name": "Function",
                "printedName": "(Boltive.BoltiveAdNetwork.Type) -> Boltive.BoltiveAdNetwork",
                "children": [
                  {
                    "kind": "TypeNominal",
                    "name": "BoltiveAdNetwork",
                    "printedName": "Boltive.BoltiveAdNetwork",
                    "usr": "s:7Boltive0A9AdNetworkO"
                  },
                  {
                    "kind": "TypeNominal",
                    "name": "Metatype",
                    "printedName": "Boltive.BoltiveAdNetwork.Type",
                    "children": [
                      {
                        "kind": "TypeNominal",
                        "name": "BoltiveAdNetwork",
                        "printedName": "Boltive.BoltiveAdNetwork",
                        "usr": "s:7Boltive0A9AdNetworkO"
                      }
                    ]
                  }
                ]
              }
            ],
            "declKind": "EnumElement",
            "usr": "s:7Boltive0A9AdNetworkO0B3MobyA2CmF",
            "mangledName": "$s7Boltive0A9AdNetworkO0B3MobyA2CmF",
            "moduleName": "Boltive"
          },
          {
            "kind": "Var",
            "name": "customAdNetwork",
            "printedName": "customAdNetwork",
            "children": [
              {
                "kind": "TypeFunc",
                "name": "Function",
                "printedName": "(Boltive.BoltiveAdNetwork.Type) -> (Swift.String) -> Boltive.BoltiveAdNetwork",
                "children": [
                  {
                    "kind": "TypeFunc",
                    "name": "Function",
                    "printedName": "(Swift.String) -> Boltive.BoltiveAdNetwork",
                    "children": [
                      {
                        "kind": "TypeNominal",
                        "name": "BoltiveAdNetwork",
                        "printedName": "Boltive.BoltiveAdNetwork",
                        "usr": "s:7Boltive0A9AdNetworkO"
                      },
                      {
                        "kind": "TypeNominal",
                        "name": "Tuple",
                        "printedName": "(adNetworkName: Swift.String)",
                        "children": [
                          {
                            "kind": "TypeNominal",
                            "name": "String",
                            "printedName": "Swift.String",
                            "usr": "s:SS"
                          }
                        ]
                      }
                    ]
                  },
                  {
                    "kind": "TypeNominal",
                    "name": "Metatype",
                    "printedName": "Boltive.BoltiveAdNetwork.Type",
                    "children": [
                      {
                        "kind": "TypeNominal",
                        "name": "BoltiveAdNetwork",
                        "printedName": "Boltive.BoltiveAdNetwork",
                        "usr": "s:7Boltive0A9AdNetworkO"
                      }
                    ]
                  }
                ]
              }
            ],
            "declKind": "EnumElement",
            "usr": "s:7Boltive0A9AdNetworkO06custombC0yACSS_tcACmF",
            "mangledName": "$s7Boltive0A9AdNetworkO06custombC0yACSS_tcACmF",
            "moduleName": "Boltive"
          }
        ],
        "declKind": "Enum",
        "usr": "s:7Boltive0A9AdNetworkO",
        "mangledName": "$s7Boltive0A9AdNetworkO",
        "moduleName": "Boltive",
        "declAttributes": [
          "AccessControl",
          "RawDocComment"
        ]
      },
      {
        "kind": "Import",
        "name": "Foundation",
        "printedName": "Foundation",
        "declKind": "Import",
        "moduleName": "Boltive",
        "declAttributes": [
          "RawDocComment"
        ]
      },
      {
        "kind": "TypeDecl",
        "name": "BoltiveConfiguration",
        "printedName": "BoltiveConfiguration",
        "children": [
          {
            "kind": "Var",
            "name": "clientId",
            "printedName": "clientId",
            "children": [
              {
                "kind": "TypeNominal",
                "name": "String",
                "printedName": "Swift.String",
                "usr": "s:SS"
              }
            ],
            "declKind": "Var",
            "usr": "s:7Boltive0A13ConfigurationV8clientIdSSvp",
            "mangledName": "$s7Boltive0A13ConfigurationV8clientIdSSvp",
            "moduleName": "Boltive",
            "declAttributes": [
              "HasStorage",
              "AccessControl",
              "RawDocComment"
            ],
            "isLet": true,
            "hasStorage": true,
            "accessors": [
              {
                "kind": "Accessor",
                "name": "Get",
                "printedName": "Get()",
                "children": [
                  {
                    "kind": "TypeNominal",
                    "name": "String",
                    "printedName": "Swift.String",
                    "usr": "s:SS"
                  }
                ],
                "declKind": "Accessor",
                "usr": "s:7Boltive0A13ConfigurationV8clientIdSSvg",
                "mangledName": "$s7Boltive0A13ConfigurationV8clientIdSSvg",
                "moduleName": "Boltive",
                "implicit": true,
                "accessorKind": "get"
              }
            ]
          },
          {
            "kind": "Var",
            "name": "adNetwork",
            "printedName": "adNetwork",
            "children": [
              {
                "kind": "TypeNominal",
                "name": "BoltiveAdNetwork",
                "printedName": "Boltive.BoltiveAdNetwork",
                "usr": "s:7Boltive0A9AdNetworkO"
              }
            ],
            "declKind": "Var",
            "usr": "s:7Boltive0A13ConfigurationV9adNetworkAA0a2AdD0Ovp",
            "mangledName": "$s7Boltive0A13ConfigurationV9adNetworkAA0a2AdD0Ovp",
            "moduleName": "Boltive",
            "declAttributes": [
              "HasStorage",
              "AccessControl",
              "RawDocComment"
            ],
            "hasStorage": true,
            "accessors": [
              {
                "kind": "Accessor",
                "name": "Get",
                "printedName": "Get()",
                "children": [
                  {
                    "kind": "TypeNominal",
                    "name": "BoltiveAdNetwork",
                    "printedName": "Boltive.BoltiveAdNetwork",
                    "usr": "s:7Boltive0A9AdNetworkO"
                  }
                ],
                "declKind": "Accessor",
                "usr": "s:7Boltive0A13ConfigurationV9adNetworkAA0a2AdD0Ovg",
                "mangledName": "$s7Boltive0A13ConfigurationV9adNetworkAA0a2AdD0Ovg",
                "moduleName": "Boltive",
                "implicit": true,
                "accessorKind": "get"
              },
              {
                "kind": "Accessor",
                "name": "Set",
                "printedName": "Set()",
                "children": [
                  {
                    "kind": "TypeNominal",
                    "name": "Void",
                    "printedName": "()"
                  },
                  {
                    "kind": "TypeNominal",
                    "name": "BoltiveAdNetwork",
                    "printedName": "Boltive.BoltiveAdNetwork",
                    "usr": "s:7Boltive0A9AdNetworkO"
                  }
                ],
                "declKind": "Accessor",
                "usr": "s:7Boltive0A13ConfigurationV9adNetworkAA0a2AdD0Ovs",
                "mangledName": "$s7Boltive0A13ConfigurationV9adNetworkAA0a2AdD0Ovs",
                "moduleName": "Boltive",
                "implicit": true,
                "accessorKind": "set"
              },
              {
                "kind": "Accessor",
                "name": "Modify",
                "printedName": "Modify()",
                "children": [
                  {
                    "kind": "TypeNominal",
                    "name": "Void",
                    "printedName": "()"
                  }
                ],
                "declKind": "Accessor",
                "usr": "s:7Boltive0A13ConfigurationV9adNetworkAA0a2AdD0OvM",
                "mangledName": "$s7Boltive0A13ConfigurationV9adNetworkAA0a2AdD0OvM",
                "moduleName": "Boltive",
                "implicit": true,
                "accessorKind": "_modify"
              }
            ]
          },
          {
            "kind": "Constructor",
            "name": "init",
            "printedName": "init(clientId:adNetwork:)",
            "children": [
              {
                "kind": "TypeNominal",
                "name": "BoltiveConfiguration",
                "printedName": "Boltive.BoltiveConfiguration",
                "usr": "s:7Boltive0A13ConfigurationV"
              },
              {
                "kind": "TypeNominal",
                "name": "String",
                "printedName": "Swift.String",
                "usr": "s:SS"
              },
              {
                "kind": "TypeNominal",
                "name": "BoltiveAdNetwork",
                "printedName": "Boltive.BoltiveAdNetwork",
                "hasDefaultArg": true,
                "usr": "s:7Boltive0A9AdNetworkO"
              }
            ],
            "declKind": "Constructor",
            "usr": "s:7Boltive0A13ConfigurationV8clientId9adNetworkACSS_AA0a2AdF0Otcfc",
            "mangledName": "$s7Boltive0A13ConfigurationV8clientId9adNetworkACSS_AA0a2AdF0Otcfc",
            "moduleName": "Boltive",
            "declAttributes": [
              "AccessControl",
              "RawDocComment"
            ],
            "init_kind": "Designated"
          }
        ],
        "declKind": "Struct",
        "usr": "s:7Boltive0A13ConfigurationV",
        "mangledName": "$s7Boltive0A13ConfigurationV",
        "moduleName": "Boltive",
        "declAttributes": [
          "AccessControl",
          "RawDocComment"
        ]
      },
      {
        "kind": "Import",
        "name": "Foundation",
        "printedName": "Foundation",
        "declKind": "Import",
        "moduleName": "Boltive",
        "declAttributes": [
          "RawDocComment"
        ]
      },
      {
        "kind": "Import",
        "name": "Foundation",
        "printedName": "Foundation",
        "declKind": "Import",
        "moduleName": "Boltive",
        "declAttributes": [
          "RawDocComment"
        ]
      },
      {
        "kind": "Import",
        "name": "os",
        "printedName": "os",
        "declKind": "Import",
        "moduleName": "Boltive",
        "declAttributes": [
          "RawDocComment"
        ]
      },
      {
        "kind": "Import",
        "name": "UIKit",
        "printedName": "UIKit",
        "declKind": "Import",
        "moduleName": "Boltive",
        "declAttributes": [
          "RawDocComment"
        ]
      },
      {
        "kind": "Import",
        "name": "WebKit",
        "printedName": "WebKit",
        "declKind": "Import",
        "moduleName": "Boltive"
      },
      {
        "kind": "TypeDecl",
        "name": "BoltiveMonitor",
        "printedName": "BoltiveMonitor",
        "children": [
          {
            "kind": "Var",
            "name": "sdkVersion",
            "printedName": "sdkVersion",
            "children": [
              {
                "kind": "TypeNominal",
                "name": "String",
                "printedName": "Swift.String",
                "usr": "s:SS"
              }
            ],
            "declKind": "Var",
            "usr": "s:7Boltive0A7MonitorC10sdkVersionSSvpZ",
            "mangledName": "$s7Boltive0A7MonitorC10sdkVersionSSvpZ",
            "moduleName": "Boltive",
            "static": true,
            "declAttributes": [
              "Final",
              "AccessControl",
              "RawDocComment"
            ],
            "accessors": [
              {
                "kind": "Accessor",
                "name": "Get",
                "printedName": "Get()",
                "children": [
                  {
                    "kind": "TypeNominal",
                    "name": "String",
                    "printedName": "Swift.String",
                    "usr": "s:SS"
                  }
                ],
                "declKind": "Accessor",
                "usr": "s:7Boltive0A7MonitorC10sdkVersionSSvgZ",
                "mangledName": "$s7Boltive0A7MonitorC10sdkVersionSSvgZ",
                "moduleName": "Boltive",
                "static": true,
                "declAttributes": [
                  "Final"
                ],
                "accessorKind": "get"
              }
            ]
          },
          {
            "kind": "Constructor",
            "name": "init",
            "printedName": "init(configuration:)",
            "children": [
              {
                "kind": "TypeNominal",
                "name": "BoltiveMonitor",
                "printedName": "Boltive.BoltiveMonitor",
                "usr": "c:@M@Boltive@objc(cs)BoltiveMonitor"
              },
              {
                "kind": "TypeNominal",
                "name": "BoltiveConfiguration",
                "printedName": "Boltive.BoltiveConfiguration",
                "usr": "s:7Boltive0A13ConfigurationV"
              }
            ],
            "declKind": "Constructor",
            "usr": "s:7Boltive0A7MonitorC13configurationAcA0A13ConfigurationV_tcfc",
            "mangledName": "$s7Boltive0A7MonitorC13configurationAcA0A13ConfigurationV_tcfc",
            "moduleName": "Boltive",
            "declAttributes": [
              "AccessControl",
              "RawDocComment"
            ],
            "init_kind": "Designated"
          },
          {
            "kind": "Function",
            "name": "capture",
            "printedName": "capture(bannerView:tagDetails:adBlocked:)",
            "children": [
              {
                "kind": "TypeNominal",
                "name": "Void",
                "printedName": "()"
              },
              {
                "kind": "TypeNominal",
                "name": "UIView",
                "printedName": "UIKit.UIView",
                "usr": "c:objc(cs)UIView"
              },
              {
                "kind": "TypeNominal",
                "name": "BoltiveTagDetails",
                "printedName": "Boltive.BoltiveTagDetails",
                "usr": "s:7Boltive0A10TagDetailsV"
              },
              {
                "kind": "TypeFunc",
                "name": "Function",
                "printedName": "(UIKit.UIView) -> ()",
                "children": [
                  {
                    "kind": "TypeNominal",
                    "name": "Void",
                    "printedName": "()"
                  },
                  {
                    "kind": "TypeNominal",
                    "name": "UIView",
                    "printedName": "UIKit.UIView",
                    "usr": "c:objc(cs)UIView"
                  }
                ]
              }
            ],
            "declKind": "Func",
            "usr": "s:7Boltive0A7MonitorC7capture10bannerView10tagDetails9adBlockedySo6UIViewC_AA0a3TagG0VyAIctF",
            "mangledName": "$s7Boltive0A7MonitorC7capture10bannerView10tagDetails9adBlockedySo6UIViewC_AA0a3TagG0VyAIctF",
            "moduleName": "Boltive",
            "declAttributes": [
              "AccessControl",
              "RawDocComment"
            ],
            "funcSelfKind": "NonMutating"
          },
          {
            "kind": "Function",
            "name": "captureInterstitial",
            "printedName": "captureInterstitial(adObject:tagDetails:adBlocked:)",
            "children": [
              {
                "kind": "TypeNominal",
                "name": "Void",
                "printedName": "()"
              },
              {
                "kind": "TypeNominal",
                "name": "Optional",
                "printedName": "AnyObject?",
                "children": [
                  {
                    "kind": "TypeNominal",
                    "name": "ProtocolComposition",
                    "printedName": "AnyObject"
                  }
                ],
                "usr": "s:Sq"
              },
              {
                "kind": "TypeNominal",
                "name": "BoltiveTagDetails",
                "printedName": "Boltive.BoltiveTagDetails",
                "usr": "s:7Boltive0A10TagDetailsV"
              },
              {
                "kind": "TypeFunc",
                "name": "Function",
                "printedName": "() -> ()",
                "children": [
                  {
                    "kind": "TypeNominal",
                    "name": "Void",
                    "printedName": "()"
                  },
                  {
                    "kind": "TypeNominal",
                    "name": "Void",
                    "printedName": "()"
                  }
                ]
              }
            ],
            "declKind": "Func",
            "usr": "s:7Boltive0A7MonitorC19captureInterstitial8adObject10tagDetails0E7BlockedyyXlSg_AA0a3TagH0VyyctF",
            "mangledName": "$s7Boltive0A7MonitorC19captureInterstitial8adObject10tagDetails0E7BlockedyyXlSg_AA0a3TagH0VyyctF",
            "moduleName": "Boltive",
            "declAttributes": [
              "AccessControl",
              "RawDocComment"
            ],
            "funcSelfKind": "NonMutating"
          },
          {
            "kind": "Constructor",
            "name": "init",
            "printedName": "init()",
            "children": [
              {
                "kind": "TypeNominal",
                "name": "BoltiveMonitor",
                "printedName": "Boltive.BoltiveMonitor",
                "usr": "c:@M@Boltive@objc(cs)BoltiveMonitor"
              }
            ],
            "declKind": "Constructor",
            "usr": "c:@M@Boltive@objc(cs)BoltiveMonitor(im)init",
            "mangledName": "$s7Boltive0A7MonitorCACycfc",
            "moduleName": "Boltive",
            "overriding": true,
            "implicit": true,
            "objc_name": "init",
            "declAttributes": [
              "Dynamic",
              "ObjC",
              "Override"
            ],
            "init_kind": "Designated"
          }
        ],
        "declKind": "Class",
        "usr": "c:@M@Boltive@objc(cs)BoltiveMonitor",
        "mangledName": "$s7Boltive0A7MonitorC",
        "moduleName": "Boltive",
        "declAttributes": [
          "AccessControl",
          "RawDocComment",
          "ObjC"
        ],
        "superclassUsr": "c:objc(cs)NSObject",
        "superclassNames": [
          "ObjectiveC.NSObject"
        ],
        "conformances": [
          {
            "kind": "Conformance",
            "name": "Equatable",
            "printedName": "Equatable",
            "usr": "s:SQ",
            "mangledName": "$sSQ"
          },
          {
            "kind": "Conformance",
            "name": "Hashable",
            "printedName": "Hashable",
            "usr": "s:SH",
            "mangledName": "$sSH"
          },
          {
            "kind": "Conformance",
            "name": "CVarArg",
            "printedName": "CVarArg",
            "usr": "s:s7CVarArgP",
            "mangledName": "$ss7CVarArgP"
          },
          {
            "kind": "Conformance",
            "name": "_KeyValueCodingAndObservingPublishing",
            "printedName": "_KeyValueCodingAndObservingPublishing",
            "usr": "s:10Foundation37_KeyValueCodingAndObservingPublishingP",
            "mangledName": "$s10Foundation37_KeyValueCodingAndObservingPublishingP"
          },
          {
            "kind": "Conformance",
            "name": "_KeyValueCodingAndObserving",
            "printedName": "_KeyValueCodingAndObserving",
            "usr": "s:10Foundation27_KeyValueCodingAndObservingP",
            "mangledName": "$s10Foundation27_KeyValueCodingAndObservingP"
          },
          {
            "kind": "Conformance",
            "name": "CustomStringConvertible",
            "printedName": "CustomStringConvertible",
            "usr": "s:s23CustomStringConvertibleP",
            "mangledName": "$ss23CustomStringConvertibleP"
          },
          {
            "kind": "Conformance",
            "name": "CustomDebugStringConvertible",
            "printedName": "CustomDebugStringConvertible",
            "usr": "s:s28CustomDebugStringConvertibleP",
            "mangledName": "$ss28CustomDebugStringConvertibleP"
          }
        ]
      },
      {
        "kind": "Import",
        "name": "Foundation",
        "printedName": "Foundation",
        "declKind": "Import",
        "moduleName": "Boltive",
        "declAttributes": [
          "RawDocComment"
        ]
      },
      {
        "kind": "Import",
        "name": "Foundation",
        "printedName": "Foundation",
        "declKind": "Import",
        "moduleName": "Boltive",
        "declAttributes": [
          "RawDocComment"
        ]
      },
      {
        "kind": "Import",
        "name": "WebKit",
        "printedName": "WebKit",
        "declKind": "Import",
        "moduleName": "Boltive"
      },
      {
        "kind": "Import",
        "name": "Foundation",
        "printedName": "Foundation",
        "declKind": "Import",
        "moduleName": "Boltive",
        "declAttributes": [
          "RawDocComment"
        ]
      },
      {
        "kind": "Import",
        "name": "Foundation",
        "printedName": "Foundation",
        "declKind": "Import",
        "moduleName": "Boltive",
        "declAttributes": [
          "RawDocComment"
        ]
      },
      {
        "kind": "Import",
        "name": "WebKit",
        "printedName": "WebKit",
        "declKind": "Import",
        "moduleName": "Boltive"
      },
      {
        "kind": "Import",
        "name": "Foundation",
        "printedName": "Foundation",
        "declKind": "Import",
        "moduleName": "Boltive",
        "declAttributes": [
          "RawDocComment"
        ]
      },
      {
        "kind": "Import",
        "name": "Foundation",
        "printedName": "Foundation",
        "declKind": "Import",
        "moduleName": "Boltive",
        "declAttributes": [
          "RawDocComment"
        ]
      },
      {
        "kind": "Import",
        "name": "UIKit",
        "printedName": "UIKit",
        "declKind": "Import",
        "moduleName": "Boltive"
      },
      {
        "kind": "Import",
        "name": "Foundation",
        "printedName": "Foundation",
        "declKind": "Import",
        "moduleName": "Boltive",
        "declAttributes": [
          "RawDocComment"
        ]
      },
      {
        "kind": "TypeDecl",
        "name": "BoltiveTagDetails",
        "printedName": "BoltiveTagDetails",
        "children": [
          {
            "kind": "Var",
            "name": "adUnitId",
            "printedName": "adUnitId",
            "children": [
              {
                "kind": "TypeNominal",
                "name": "Optional",
                "printedName": "Swift.String?",
                "children": [
                  {
                    "kind": "TypeNominal",
                    "name": "String",
                    "printedName": "Swift.String",
                    "usr": "s:SS"
                  }
                ],
                "usr": "s:Sq"
              }
            ],
            "declKind": "Var",
            "usr": "s:7Boltive0A10TagDetailsV8adUnitIdSSSgvp",
            "mangledName": "$s7Boltive0A10TagDetailsV8adUnitIdSSSgvp",
            "moduleName": "Boltive",
            "declAttributes": [
              "HasInitialValue",
              "HasStorage",
              "AccessControl",
              "RawDocComment"
            ],
            "hasStorage": true,
            "accessors": [
              {
                "kind": "Accessor",
                "name": "Get",
                "printedName": "Get()",
                "children": [
                  {
                    "kind": "TypeNominal",
                    "name": "Optional",
                    "printedName": "Swift.String?",
                    "children": [
                      {
                        "kind": "TypeNominal",
                        "name": "String",
                        "printedName": "Swift.String",
                        "usr": "s:SS"
                      }
                    ],
                    "usr": "s:Sq"
                  }
                ],
                "declKind": "Accessor",
                "usr": "s:7Boltive0A10TagDetailsV8adUnitIdSSSgvg",
                "mangledName": "$s7Boltive0A10TagDetailsV8adUnitIdSSSgvg",
                "moduleName": "Boltive",
                "implicit": true,
                "accessorKind": "get"
              },
              {
                "kind": "Accessor",
                "name": "Set",
                "printedName": "Set()",
                "children": [
                  {
                    "kind": "TypeNominal",
                    "name": "Void",
                    "printedName": "()"
                  },
                  {
                    "kind": "TypeNominal",
                    "name": "Optional",
                    "printedName": "Swift.String?",
                    "children": [
                      {
                        "kind": "TypeNominal",
                        "name": "String",
                        "printedName": "Swift.String",
                        "usr": "s:SS"
                      }
                    ],
                    "usr": "s:Sq"
                  }
                ],
                "declKind": "Accessor",
                "usr": "s:7Boltive0A10TagDetailsV8adUnitIdSSSgvs",
                "mangledName": "$s7Boltive0A10TagDetailsV8adUnitIdSSSgvs",
                "moduleName": "Boltive",
                "implicit": true,
                "accessorKind": "set"
              },
              {
                "kind": "Accessor",
                "name": "Modify",
                "printedName": "Modify()",
                "children": [
                  {
                    "kind": "TypeNominal",
                    "name": "Void",
                    "printedName": "()"
                  }
                ],
                "declKind": "Accessor",
                "usr": "s:7Boltive0A10TagDetailsV8adUnitIdSSSgvM",
                "mangledName": "$s7Boltive0A10TagDetailsV8adUnitIdSSSgvM",
                "moduleName": "Boltive",
                "implicit": true,
                "accessorKind": "_modify"
              }
            ]
          },
          {
            "kind": "Var",
            "name": "advertiserId",
            "printedName": "advertiserId",
            "children": [
              {
                "kind": "TypeNominal",
                "name": "Optional",
                "printedName": "Swift.String?",
                "children": [
                  {
                    "kind": "TypeNominal",
                    "name": "String",
                    "printedName": "Swift.String",
                    "usr": "s:SS"
                  }
                ],
                "usr": "s:Sq"
              }
            ],
            "declKind": "Var",
            "usr": "s:7Boltive0A10TagDetailsV12advertiserIdSSSgvp",
            "mangledName": "$s7Boltive0A10TagDetailsV12advertiserIdSSSgvp",
            "moduleName": "Boltive",
            "declAttributes": [
              "HasInitialValue",
              "HasStorage",
              "AccessControl",
              "RawDocComment"
            ],
            "hasStorage": true,
            "accessors": [
              {
                "kind": "Accessor",
                "name": "Get",
                "printedName": "Get()",
                "children": [
                  {
                    "kind": "TypeNominal",
                    "name": "Optional",
                    "printedName": "Swift.String?",
                    "children": [
                      {
                        "kind": "TypeNominal",
                        "name": "String",
                        "printedName": "Swift.String",
                        "usr": "s:SS"
                      }
                    ],
                    "usr": "s:Sq"
                  }
                ],
                "declKind": "Accessor",
                "usr": "s:7Boltive0A10TagDetailsV12advertiserIdSSSgvg",
                "mangledName": "$s7Boltive0A10TagDetailsV12advertiserIdSSSgvg",
                "moduleName": "Boltive",
                "implicit": true,
                "accessorKind": "get"
              },
              {
                "kind": "Accessor",
                "name": "Set",
                "printedName": "Set()",
                "children": [
                  {
                    "kind": "TypeNominal",
                    "name": "Void",
                    "printedName": "()"
                  },
                  {
                    "kind": "TypeNominal",
                    "name": "Optional",
                    "printedName": "Swift.String?",
                    "children": [
                      {
                        "kind": "TypeNominal",
                        "name": "String",
                        "printedName": "Swift.String",
                        "usr": "s:SS"
                      }
                    ],
                    "usr": "s:Sq"
                  }
                ],
                "declKind": "Accessor",
                "usr": "s:7Boltive0A10TagDetailsV12advertiserIdSSSgvs",
                "mangledName": "$s7Boltive0A10TagDetailsV12advertiserIdSSSgvs",
                "moduleName": "Boltive",
                "implicit": true,
                "accessorKind": "set"
              },
              {
                "kind": "Accessor",
                "name": "Modify",
                "printedName": "Modify()",
                "children": [
                  {
                    "kind": "TypeNominal",
                    "name": "Void",
                    "printedName": "()"
                  }
                ],
                "declKind": "Accessor",
                "usr": "s:7Boltive0A10TagDetailsV12advertiserIdSSSgvM",
                "mangledName": "$s7Boltive0A10TagDetailsV12advertiserIdSSSgvM",
                "moduleName": "Boltive",
                "implicit": true,
                "accessorKind": "_modify"
              }
            ]
          },
          {
            "kind": "Var",
            "name": "campaignId",
            "printedName": "campaignId",
            "children": [
              {
                "kind": "TypeNominal",
                "name": "Optional",
                "printedName": "Swift.String?",
                "children": [
                  {
                    "kind": "TypeNominal",
                    "name": "String",
                    "printedName": "Swift.String",
                    "usr": "s:SS"
                  }
                ],
                "usr": "s:Sq"
              }
            ],
            "declKind": "Var",
            "usr": "s:7Boltive0A10TagDetailsV10campaignIdSSSgvp",
            "mangledName": "$s7Boltive0A10TagDetailsV10campaignIdSSSgvp",
            "moduleName": "Boltive",
            "declAttributes": [
              "HasInitialValue",
              "HasStorage",
              "AccessControl",
              "RawDocComment"
            ],
            "hasStorage": true,
            "accessors": [
              {
                "kind": "Accessor",
                "name": "Get",
                "printedName": "Get()",
                "children": [
                  {
                    "kind": "TypeNominal",
                    "name": "Optional",
                    "printedName": "Swift.String?",
                    "children": [
                      {
                        "kind": "TypeNominal",
                        "name": "String",
                        "printedName": "Swift.String",
                        "usr": "s:SS"
                      }
                    ],
                    "usr": "s:Sq"
                  }
                ],
                "declKind": "Accessor",
                "usr": "s:7Boltive0A10TagDetailsV10campaignIdSSSgvg",
                "mangledName": "$s7Boltive0A10TagDetailsV10campaignIdSSSgvg",
                "moduleName": "Boltive",
                "implicit": true,
                "accessorKind": "get"
              },
              {
                "kind": "Accessor",
                "name": "Set",
                "printedName": "Set()",
                "children": [
                  {
                    "kind": "TypeNominal",
                    "name": "Void",
                    "printedName": "()"
                  },
                  {
                    "kind": "TypeNominal",
                    "name": "Optional",
                    "printedName": "Swift.String?",
                    "children": [
                      {
                        "kind": "TypeNominal",
                        "name": "String",
                        "printedName": "Swift.String",
                        "usr": "s:SS"
                      }
                    ],
                    "usr": "s:Sq"
                  }
                ],
                "declKind": "Accessor",
                "usr": "s:7Boltive0A10TagDetailsV10campaignIdSSSgvs",
                "mangledName": "$s7Boltive0A10TagDetailsV10campaignIdSSSgvs",
                "moduleName": "Boltive",
                "implicit": true,
                "accessorKind": "set"
              },
              {
                "kind": "Accessor",
                "name": "Modify",
                "printedName": "Modify()",
                "children": [
                  {
                    "kind": "TypeNominal",
                    "name": "Void",
                    "printedName": "()"
                  }
                ],
                "declKind": "Accessor",
                "usr": "s:7Boltive0A10TagDetailsV10campaignIdSSSgvM",
                "mangledName": "$s7Boltive0A10TagDetailsV10campaignIdSSSgvM",
                "moduleName": "Boltive",
                "implicit": true,
                "accessorKind": "_modify"
              }
            ]
          },
          {
            "kind": "Var",
            "name": "creativeId",
            "printedName": "creativeId",
            "children": [
              {
                "kind": "TypeNominal",
                "name": "Optional",
                "printedName": "Swift.String?",
                "children": [
                  {
                    "kind": "TypeNominal",
                    "name": "String",
                    "printedName": "Swift.String",
                    "usr": "s:SS"
                  }
                ],
                "usr": "s:Sq"
              }
            ],
            "declKind": "Var",
            "usr": "s:7Boltive0A10TagDetailsV10creativeIdSSSgvp",
            "mangledName": "$s7Boltive0A10TagDetailsV10creativeIdSSSgvp",
            "moduleName": "Boltive",
            "declAttributes": [
              "HasInitialValue",
              "HasStorage",
              "AccessControl",
              "RawDocComment"
            ],
            "hasStorage": true,
            "accessors": [
              {
                "kind": "Accessor",
                "name": "Get",
                "printedName": "Get()",
                "children": [
                  {
                    "kind": "TypeNominal",
                    "name": "Optional",
                    "printedName": "Swift.String?",
                    "children": [
                      {
                        "kind": "TypeNominal",
                        "name": "String",
                        "printedName": "Swift.String",
                        "usr": "s:SS"
                      }
                    ],
                    "usr": "s:Sq"
                  }
                ],
                "declKind": "Accessor",
                "usr": "s:7Boltive0A10TagDetailsV10creativeIdSSSgvg",
                "mangledName": "$s7Boltive0A10TagDetailsV10creativeIdSSSgvg",
                "moduleName": "Boltive",
                "implicit": true,
                "accessorKind": "get"
              },
              {
                "kind": "Accessor",
                "name": "Set",
                "printedName": "Set()",
                "children": [
                  {
                    "kind": "TypeNominal",
                    "name": "Void",
                    "printedName": "()"
                  },
                  {
                    "kind": "TypeNominal",
                    "name": "Optional",
                    "printedName": "Swift.String?",
                    "children": [
                      {
                        "kind": "TypeNominal",
                        "name": "String",
                        "printedName": "Swift.String",
                        "usr": "s:SS"
                      }
                    ],
                    "usr": "s:Sq"
                  }
                ],
                "declKind": "Accessor",
                "usr": "s:7Boltive0A10TagDetailsV10creativeIdSSSgvs",
                "mangledName": "$s7Boltive0A10TagDetailsV10creativeIdSSSgvs",
                "moduleName": "Boltive",
                "implicit": true,
                "accessorKind": "set"
              },
              {
                "kind": "Accessor",
                "name": "Modify",
                "printedName": "Modify()",
                "children": [
                  {
                    "kind": "TypeNominal",
                    "name": "Void",
                    "printedName": "()"
                  }
                ],
                "declKind": "Accessor",
                "usr": "s:7Boltive0A10TagDetailsV10creativeIdSSSgvM",
                "mangledName": "$s7Boltive0A10TagDetailsV10creativeIdSSSgvM",
                "moduleName": "Boltive",
                "implicit": true,
                "accessorKind": "_modify"
              }
            ]
          },
          {
            "kind": "Var",
            "name": "lineItemId",
            "printedName": "lineItemId",
            "children": [
              {
                "kind": "TypeNominal",
                "name": "Optional",
                "printedName": "Swift.String?",
                "children": [
                  {
                    "kind": "TypeNominal",
                    "name": "String",
                    "printedName": "Swift.String",
                    "usr": "s:SS"
                  }
                ],
                "usr": "s:Sq"
              }
            ],
            "declKind": "Var",
            "usr": "s:7Boltive0A10TagDetailsV10lineItemIdSSSgvp",
            "mangledName": "$s7Boltive0A10TagDetailsV10lineItemIdSSSgvp",
            "moduleName": "Boltive",
            "declAttributes": [
              "HasInitialValue",
              "HasStorage",
              "AccessControl",
              "RawDocComment"
            ],
            "hasStorage": true,
            "accessors": [
              {
                "kind": "Accessor",
                "name": "Get",
                "printedName": "Get()",
                "children": [
                  {
                    "kind": "TypeNominal",
                    "name": "Optional",
                    "printedName": "Swift.String?",
                    "children": [
                      {
                        "kind": "TypeNominal",
                        "name": "String",
                        "printedName": "Swift.String",
                        "usr": "s:SS"
                      }
                    ],
                    "usr": "s:Sq"
                  }
                ],
                "declKind": "Accessor",
                "usr": "s:7Boltive0A10TagDetailsV10lineItemIdSSSgvg",
                "mangledName": "$s7Boltive0A10TagDetailsV10lineItemIdSSSgvg",
                "moduleName": "Boltive",
                "implicit": true,
                "accessorKind": "get"
              },
              {
                "kind": "Accessor",
                "name": "Set",
                "printedName": "Set()",
                "children": [
                  {
                    "kind": "TypeNominal",
                    "name": "Void",
                    "printedName": "()"
                  },
                  {
                    "kind": "TypeNominal",
                    "name": "Optional",
                    "printedName": "Swift.String?",
                    "children": [
                      {
                        "kind": "TypeNominal",
                        "name": "String",
                        "printedName": "Swift.String",
                        "usr": "s:SS"
                      }
                    ],
                    "usr": "s:Sq"
                  }
                ],
                "declKind": "Accessor",
                "usr": "s:7Boltive0A10TagDetailsV10lineItemIdSSSgvs",
                "mangledName": "$s7Boltive0A10TagDetailsV10lineItemIdSSSgvs",
                "moduleName": "Boltive",
                "implicit": true,
                "accessorKind": "set"
              },
              {
                "kind": "Accessor",
                "name": "Modify",
                "printedName": "Modify()",
                "children": [
                  {
                    "kind": "TypeNominal",
                    "name": "Void",
                    "printedName": "()"
                  }
                ],
                "declKind": "Accessor",
                "usr": "s:7Boltive0A10TagDetailsV10lineItemIdSSSgvM",
                "mangledName": "$s7Boltive0A10TagDetailsV10lineItemIdSSSgvM",
                "moduleName": "Boltive",
                "implicit": true,
                "accessorKind": "_modify"
              }
            ]
          },
          {
            "kind": "Var",
            "name": "sspRefreshCode",
            "printedName": "sspRefreshCode",
            "children": [
              {
                "kind": "TypeNominal",
                "name": "Optional",
                "printedName": "Swift.String?",
                "children": [
                  {
                    "kind": "TypeNominal",
                    "name": "String",
                    "printedName": "Swift.String",
                    "usr": "s:SS"
                  }
                ],
                "usr": "s:Sq"
              }
            ],
            "declKind": "Var",
            "usr": "s:7Boltive0A10TagDetailsV14sspRefreshCodeSSSgvp",
            "mangledName": "$s7Boltive0A10TagDetailsV14sspRefreshCodeSSSgvp",
            "moduleName": "Boltive",
            "declAttributes": [
              "HasInitialValue",
              "HasStorage",
              "AccessControl",
              "RawDocComment"
            ],
            "hasStorage": true,
            "accessors": [
              {
                "kind": "Accessor",
                "name": "Get",
                "printedName": "Get()",
                "children": [
                  {
                    "kind": "TypeNominal",
                    "name": "Optional",
                    "printedName": "Swift.String?",
                    "children": [
                      {
                        "kind": "TypeNominal",
                        "name": "String",
                        "printedName": "Swift.String",
                        "usr": "s:SS"
                      }
                    ],
                    "usr": "s:Sq"
                  }
                ],
                "declKind": "Accessor",
                "usr": "s:7Boltive0A10TagDetailsV14sspRefreshCodeSSSgvg",
                "mangledName": "$s7Boltive0A10TagDetailsV14sspRefreshCodeSSSgvg",
                "moduleName": "Boltive",
                "implicit": true,
                "accessorKind": "get"
              },
              {
                "kind": "Accessor",
                "name": "Set",
                "printedName": "Set()",
                "children": [
                  {
                    "kind": "TypeNominal",
                    "name": "Void",
                    "printedName": "()"
                  },
                  {
                    "kind": "TypeNominal",
                    "name": "Optional",
                    "printedName": "Swift.String?",
                    "children": [
                      {
                        "kind": "TypeNominal",
                        "name": "String",
                        "printedName": "Swift.String",
                        "usr": "s:SS"
                      }
                    ],
                    "usr": "s:Sq"
                  }
                ],
                "declKind": "Accessor",
                "usr": "s:7Boltive0A10TagDetailsV14sspRefreshCodeSSSgvs",
                "mangledName": "$s7Boltive0A10TagDetailsV14sspRefreshCodeSSSgvs",
                "moduleName": "Boltive",
                "implicit": true,
                "accessorKind": "set"
              },
              {
                "kind": "Accessor",
                "name": "Modify",
                "printedName": "Modify()",
                "children": [
                  {
                    "kind": "TypeNominal",
                    "name": "Void",
                    "printedName": "()"
                  }
                ],
                "declKind": "Accessor",
                "usr": "s:7Boltive0A10TagDetailsV14sspRefreshCodeSSSgvM",
                "mangledName": "$s7Boltive0A10TagDetailsV14sspRefreshCodeSSSgvM",
                "moduleName": "Boltive",
                "implicit": true,
                "accessorKind": "_modify"
              }
            ]
          },
          {
            "kind": "Var",
            "name": "appName",
            "printedName": "appName",
            "children": [
              {
                "kind": "TypeNominal",
                "name": "Optional",
                "printedName": "Swift.String?",
                "children": [
                  {
                    "kind": "TypeNominal",
                    "name": "String",
                    "printedName": "Swift.String",
                    "usr": "s:SS"
                  }
                ],
                "usr": "s:Sq"
              }
            ],
            "declKind": "Var",
            "usr": "s:7Boltive0A10TagDetailsV7appNameSSSgvp",
            "mangledName": "$s7Boltive0A10TagDetailsV7appNameSSSgvp",
            "moduleName": "Boltive",
            "declAttributes": [
              "HasInitialValue",
              "HasStorage",
              "AccessControl",
              "RawDocComment"
            ],
            "hasStorage": true,
            "accessors": [
              {
                "kind": "Accessor",
                "name": "Get",
                "printedName": "Get()",
                "children": [
                  {
                    "kind": "TypeNominal",
                    "name": "Optional",
                    "printedName": "Swift.String?",
                    "children": [
                      {
                        "kind": "TypeNominal",
                        "name": "String",
                        "printedName": "Swift.String",
                        "usr": "s:SS"
                      }
                    ],
                    "usr": "s:Sq"
                  }
                ],
                "declKind": "Accessor",
                "usr": "s:7Boltive0A10TagDetailsV7appNameSSSgvg",
                "mangledName": "$s7Boltive0A10TagDetailsV7appNameSSSgvg",
                "moduleName": "Boltive",
                "implicit": true,
                "accessorKind": "get"
              },
              {
                "kind": "Accessor",
                "name": "Set",
                "printedName": "Set()",
                "children": [
                  {
                    "kind": "TypeNominal",
                    "name": "Void",
                    "printedName": "()"
                  },
                  {
                    "kind": "TypeNominal",
                    "name": "Optional",
                    "printedName": "Swift.String?",
                    "children": [
                      {
                        "kind": "TypeNominal",
                        "name": "String",
                        "printedName": "Swift.String",
                        "usr": "s:SS"
                      }
                    ],
                    "usr": "s:Sq"
                  }
                ],
                "declKind": "Accessor",
                "usr": "s:7Boltive0A10TagDetailsV7appNameSSSgvs",
                "mangledName": "$s7Boltive0A10TagDetailsV7appNameSSSgvs",
                "moduleName": "Boltive",
                "implicit": true,
                "accessorKind": "set"
              },
              {
                "kind": "Accessor",
                "name": "Modify",
                "printedName": "Modify()",
                "children": [
                  {
                    "kind": "TypeNominal",
                    "name": "Void",
                    "printedName": "()"
                  }
                ],
                "declKind": "Accessor",
                "usr": "s:7Boltive0A10TagDetailsV7appNameSSSgvM",
                "mangledName": "$s7Boltive0A10TagDetailsV7appNameSSSgvM",
                "moduleName": "Boltive",
                "implicit": true,
                "accessorKind": "_modify"
              }
            ]
          },
          {
            "kind": "Constructor",
            "name": "init",
            "printedName": "init(adUnitId:advertiserId:campaignId:creativeId:lineItemId:sspRefreshCode:appName:)",
            "children": [
              {
                "kind": "TypeNominal",
                "name": "BoltiveTagDetails",
                "printedName": "Boltive.BoltiveTagDetails",
                "usr": "s:7Boltive0A10TagDetailsV"
              },
              {
                "kind": "TypeNominal",
                "name": "Optional",
                "printedName": "Swift.String?",
                "children": [
                  {
                    "kind": "TypeNominal",
                    "name": "String",
                    "printedName": "Swift.String",
                    "usr": "s:SS"
                  }
                ],
                "hasDefaultArg": true,
                "usr": "s:Sq"
              },
              {
                "kind": "TypeNominal",
                "name": "Optional",
                "printedName": "Swift.String?",
                "children": [
                  {
                    "kind": "TypeNominal",
                    "name": "String",
                    "printedName": "Swift.String",
                    "usr": "s:SS"
                  }
                ],
                "hasDefaultArg": true,
                "usr": "s:Sq"
              },
              {
                "kind": "TypeNominal",
                "name": "Optional",
                "printedName": "Swift.String?",
                "children": [
                  {
                    "kind": "TypeNominal",
                    "name": "String",
                    "printedName": "Swift.String",
                    "usr": "s:SS"
                  }
                ],
                "hasDefaultArg": true,
                "usr": "s:Sq"
              },
              {
                "kind": "TypeNominal",
                "name": "Optional",
                "printedName": "Swift.String?",
                "children": [
                  {
                    "kind": "TypeNominal",
                    "name": "String",
                    "printedName": "Swift.String",
                    "usr": "s:SS"
                  }
                ],
                "hasDefaultArg": true,
                "usr": "s:Sq"
              },
              {
                "kind": "TypeNominal",
                "name": "Optional",
                "printedName": "Swift.String?",
                "children": [
                  {
                    "kind": "TypeNominal",
                    "name": "String",
                    "printedName": "Swift.String",
                    "usr": "s:SS"
                  }
                ],
                "hasDefaultArg": true,
                "usr": "s:Sq"
              },
              {
                "kind": "TypeNominal",
                "name": "Optional",
                "printedName": "Swift.String?",
                "children": [
                  {
                    "kind": "TypeNominal",
                    "name": "String",
                    "printedName": "Swift.String",
                    "usr": "s:SS"
                  }
                ],
                "hasDefaultArg": true,
                "usr": "s:Sq"
              },
              {
                "kind": "TypeNominal",
                "name": "Optional",
                "printedName": "Swift.String?",
                "children": [
                  {
                    "kind": "TypeNominal",
                    "name": "String",
                    "printedName": "Swift.String",
                    "usr": "s:SS"
                  }
                ],
                "hasDefaultArg": true,
                "usr": "s:Sq"
              }
            ],
            "declKind": "Constructor",
            "usr": "s:7Boltive0A10TagDetailsV8adUnitId010advertiserF008campaignF008creativeF008lineItemF014sspRefreshCode7appNameACSSSg_A6Ktcfc",
            "mangledName": "$s7Boltive0A10TagDetailsV8adUnitId010advertiserF008campaignF008creativeF008lineItemF014sspRefreshCode7appNameACSSSg_A6Ktcfc",
            "moduleName": "Boltive",
            "declAttributes": [
              "AccessControl",
              "RawDocComment"
            ],
            "init_kind": "Designated"
          }
        ],
        "declKind": "Struct",
        "usr": "s:7Boltive0A10TagDetailsV",
        "mangledName": "$s7Boltive0A10TagDetailsV",
        "moduleName": "Boltive",
        "declAttributes": [
          "AccessControl"
        ]
      }
    ],
    "json_format_version": 8
  },
  "ConstValues": [
    {
      "filePath": "\/Users\/buildserver\/server\/jenkins\/workspace\/boltive-ios-sdk\/Boltive\/Boltive\/BoltiveConstants.swift",
      "kind": "StringLiteral",
      "offset": 318,
      "length": 17,
      "value": "\"boltiveObserver\""
    },
    {
      "filePath": "\/Users\/buildserver\/server\/jenkins\/workspace\/boltive-ios-sdk\/Boltive\/Boltive\/BoltiveConstants.swift",
      "kind": "StringLiteral",
      "offset": 376,
      "length": 20,
      "value": "\"areScriptsInjected\""
    },
    {
      "filePath": "\/Users\/buildserver\/server\/jenkins\/workspace\/boltive-ios-sdk\/Boltive\/Boltive\/BoltiveConstants.swift",
      "kind": "IntegerLiteral",
      "offset": 460,
      "length": 3,
      "value": "320"
    },
    {
      "filePath": "\/Users\/buildserver\/server\/jenkins\/workspace\/boltive-ios-sdk\/Boltive\/Boltive\/BoltiveConstants.swift",
      "kind": "IntegerLiteral",
      "offset": 473,
      "length": 3,
      "value": "480"
    },
    {
      "filePath": "\/Users\/buildserver\/server\/jenkins\/workspace\/boltive-ios-sdk\/Boltive\/Boltive\/BoltiveConstants.swift",
      "kind": "IntegerLiteral",
      "offset": 530,
      "length": 1,
      "value": "0"
    },
    {
      "filePath": "\/Users\/buildserver\/server\/jenkins\/workspace\/boltive-ios-sdk\/Boltive\/Boltive\/BoltiveConstants.swift",
      "kind": "IntegerLiteral",
      "offset": 578,
      "length": 3,
      "value": "500"
    },
    {
      "filePath": "\/Users\/buildserver\/server\/jenkins\/workspace\/boltive-ios-sdk\/Boltive\/Boltive\/BoltiveConstants.swift",
      "kind": "IntegerLiteral",
      "offset": 625,
      "length": 4,
      "value": "1500"
    },
    {
      "filePath": "\/Users\/buildserver\/server\/jenkins\/workspace\/boltive-ios-sdk\/Boltive\/Boltive\/Extensions\/String+Extensions.swift",
      "kind": "StringLiteral",
      "offset": 267,
      "length": 4,
      "value": "\"\\\""
    },
    {
      "filePath": "\/Users\/buildserver\/server\/jenkins\/workspace\/boltive-ios-sdk\/Boltive\/Boltive\/Extensions\/String+Extensions.swift",
      "kind": "StringLiteral",
      "offset": 279,
      "length": 6,
      "value": "\"\\\\\""
    },
    {
      "filePath": "\/Users\/buildserver\/server\/jenkins\/workspace\/boltive-ios-sdk\/Boltive\/Boltive\/Extensions\/String+Extensions.swift",
      "kind": "StringLiteral",
      "offset": 344,
      "length": 4,
      "value": "\"\"\""
    },
    {
      "filePath": "\/Users\/buildserver\/server\/jenkins\/workspace\/boltive-ios-sdk\/Boltive\/Boltive\/Extensions\/String+Extensions.swift",
      "kind": "StringLiteral",
      "offset": 356,
      "length": 6,
      "value": "\"\\\"\""
    },
    {
      "filePath": "\/Users\/buildserver\/server\/jenkins\/workspace\/boltive-ios-sdk\/Boltive\/Boltive\/Extensions\/String+Extensions.swift",
      "kind": "StringLiteral",
      "offset": 421,
      "length": 3,
      "value": "\"'\""
    },
    {
      "filePath": "\/Users\/buildserver\/server\/jenkins\/workspace\/boltive-ios-sdk\/Boltive\/Boltive\/Extensions\/String+Extensions.swift",
      "kind": "StringLiteral",
      "offset": 432,
      "length": 5,
      "value": "\"\\'\""
    },
    {
      "filePath": "\/Users\/buildserver\/server\/jenkins\/workspace\/boltive-ios-sdk\/Boltive\/Boltive\/BoltiveResultCode.swift",
      "kind": "StringLiteral",
      "offset": 425,
      "length": 23,
      "value": "\"Blacklist item found.\""
    },
    {
      "filePath": "\/Users\/buildserver\/server\/jenkins\/workspace\/boltive-ios-sdk\/Boltive\/Boltive\/BoltiveResultCode.swift",
      "kind": "StringLiteral",
      "offset": 493,
      "length": 30,
      "value": "\"Ad has not been blocked yet.\""
    },
    {
      "filePath": "\/Users\/buildserver\/server\/jenkins\/workspace\/boltive-ios-sdk\/Boltive\/Boltive\/BoltiveResultCode.swift",
      "kind": "IntegerLiteral",
      "offset": 631,
      "length": 2,
      "value": "-1"
    },
    {
      "filePath": "\/Users\/buildserver\/server\/jenkins\/workspace\/boltive-ios-sdk\/Boltive\/Boltive\/BoltiveAdNetwork.swift",
      "kind": "StringLiteral",
      "offset": 396,
      "length": 19,
      "value": "\"Google Ad Manager\""
    },
    {
      "filePath": "\/Users\/buildserver\/server\/jenkins\/workspace\/boltive-ios-sdk\/Boltive\/Boltive\/BoltiveAdNetwork.swift",
      "kind": "StringLiteral",
      "offset": 459,
      "length": 10,
      "value": "\"AppLovin\""
    },
    {
      "filePath": "\/Users\/buildserver\/server\/jenkins\/workspace\/boltive-ios-sdk\/Boltive\/Boltive\/BoltiveAdNetwork.swift",
      "kind": "StringLiteral",
      "offset": 510,
      "length": 7,
      "value": "\"AdMob\""
    },
    {
      "filePath": "\/Users\/buildserver\/server\/jenkins\/workspace\/boltive-ios-sdk\/Boltive\/Boltive\/Extensions\/Dictionary+Extensions.swift",
      "kind": "Array",
      "offset": 265,
      "length": 2,
      "value": "[]"
    },
    {
      "filePath": "\/Users\/buildserver\/server\/jenkins\/workspace\/boltive-ios-sdk\/Boltive\/Boltive\/BoltiveTagDetailsBuilder.swift",
      "kind": "StringLiteral",
      "offset": 984,
      "length": 13,
      "value": "\"\""
    },
    {
      "filePath": "\/Users\/buildserver\/server\/jenkins\/workspace\/boltive-ios-sdk\/Boltive\/Boltive\/BoltiveTagDetailsBuilder.swift",
      "kind": "StringLiteral",
      "offset": 990,
      "length": 1,
      "value": "\":\""
    },
    {
      "filePath": "\/Users\/buildserver\/server\/jenkins\/workspace\/boltive-ios-sdk\/Boltive\/Boltive\/BoltiveTagDetailsBuilder.swift",
      "kind": "StringLiteral",
      "offset": 996,
      "length": 24,
      "value": "\"\""
    },
    {
      "filePath": "\/Users\/buildserver\/server\/jenkins\/workspace\/boltive-ios-sdk\/Boltive\/Boltive\/BoltiveTagDetailsBuilder.swift",
      "kind": "StringLiteral",
      "offset": 1019,
      "length": 3,
      "value": "\",\""
    },
    {
      "filePath": "\/Users\/buildserver\/server\/jenkins\/workspace\/boltive-ios-sdk\/Boltive\/Boltive\/BoltiveLogger.swift",
      "kind": "StringLiteral",
      "offset": 376,
      "length": 4,
      "value": "\"%@\""
    },
    {
      "filePath": "\/Users\/buildserver\/server\/jenkins\/workspace\/boltive-ios-sdk\/Boltive\/Boltive\/BoltiveLogger.swift",
      "kind": "StringLiteral",
      "offset": 482,
      "length": 4,
      "value": "\"%@\""
    },
    {
      "filePath": "\/Users\/buildserver\/server\/jenkins\/workspace\/boltive-ios-sdk\/Boltive\/Boltive\/BoltiveLogger.swift",
      "kind": "StringLiteral",
      "offset": 587,
      "length": 4,
      "value": "\"%@\""
    },
    {
      "filePath": "\/Users\/buildserver\/server\/jenkins\/workspace\/boltive-ios-sdk\/Boltive\/Boltive\/BoltiveMonitor.swift",
      "kind": "StringLiteral",
      "offset": 459,
      "length": 28,
      "value": "\"CFBundleShortVersionString\""
    },
    {
      "filePath": "\/Users\/buildserver\/server\/jenkins\/workspace\/boltive-ios-sdk\/Boltive\/Boltive\/BoltiveMonitor.swift",
      "kind": "StringLiteral",
      "offset": 503,
      "length": 2,
      "value": "\"\""
    },
    {
      "filePath": "\/Users\/buildserver\/server\/jenkins\/workspace\/boltive-ios-sdk\/Boltive\/Boltive\/BoltiveMonitor.swift",
      "kind": "StringLiteral",
      "offset": 594,
      "length": 17,
      "value": "\"CFBundleVersion\""
    },
    {
      "filePath": "\/Users\/buildserver\/server\/jenkins\/workspace\/boltive-ios-sdk\/Boltive\/Boltive\/BoltiveMonitor.swift",
      "kind": "StringLiteral",
      "offset": 627,
      "length": 2,
      "value": "\"\""
    },
    {
      "filePath": "\/Users\/buildserver\/server\/jenkins\/workspace\/boltive-ios-sdk\/Boltive\/Boltive\/BoltiveMonitor.swift",
      "kind": "StringLiteral",
      "offset": 645,
      "length": 36,
      "value": "\"\""
    },
    {
      "filePath": "\/Users\/buildserver\/server\/jenkins\/workspace\/boltive-ios-sdk\/Boltive\/Boltive\/BoltiveMonitor.swift",
      "kind": "StringLiteral",
      "offset": 665,
      "length": 1,
      "value": "\".\""
    },
    {
      "filePath": "\/Users\/buildserver\/server\/jenkins\/workspace\/boltive-ios-sdk\/Boltive\/Boltive\/BoltiveMonitor.swift",
      "kind": "StringLiteral",
      "offset": 680,
      "length": 1,
      "value": "\"\""
    },
    {
      "filePath": "\/Users\/buildserver\/server\/jenkins\/workspace\/boltive-ios-sdk\/Boltive\/Boltive\/BoltiveMonitor.swift",
      "kind": "Array",
      "offset": 1054,
      "length": 2,
      "value": "[]"
    },
    {
      "filePath": "\/Users\/buildserver\/server\/jenkins\/workspace\/boltive-ios-sdk\/Boltive\/Boltive\/BoltiveMonitor.swift",
      "kind": "BooleanLiteral",
      "offset": 1975,
      "length": 5,
      "value": "false"
    },
    {
      "filePath": "\/Users\/buildserver\/server\/jenkins\/workspace\/boltive-ios-sdk\/Boltive\/Boltive\/BoltiveMonitor.swift",
      "kind": "StringLiteral",
      "offset": 3255,
      "length": 35,
      "value": "\"UIAplication's key window is nil.\""
    },
    {
      "filePath": "\/Users\/buildserver\/server\/jenkins\/workspace\/boltive-ios-sdk\/Boltive\/Boltive\/BoltiveMonitor.swift",
      "kind": "BooleanLiteral",
      "offset": 3540,
      "length": 4,
      "value": "true"
    },
    {
      "filePath": "\/Users\/buildserver\/server\/jenkins\/workspace\/boltive-ios-sdk\/Boltive\/Boltive\/BoltiveMonitor.swift",
      "kind": "StringLiteral",
      "offset": 249,
      "length": 14,
      "value": "\"Boltive.BoltiveMonitor\""
    },
    {
      "filePath": "\/Users\/buildserver\/server\/jenkins\/workspace\/boltive-ios-sdk\/Boltive\/Boltive\/BoltiveScriptMessageHandler.swift",
      "kind": "IntegerLiteral",
      "offset": 786,
      "length": 1,
      "value": "5"
    },
    {
      "filePath": "\/Users\/buildserver\/server\/jenkins\/workspace\/boltive-ios-sdk\/Boltive\/Boltive\/BoltiveScriptMessageHandler.swift",
      "kind": "BooleanLiteral",
      "offset": 3169,
      "length": 5,
      "value": "false"
    },
    {
      "filePath": "\/Users\/buildserver\/server\/jenkins\/workspace\/boltive-ios-sdk\/Boltive\/Boltive\/BoltiveScriptMessageHandler.swift",
      "kind": "StringLiteral",
      "offset": 296,
      "length": 27,
      "value": "\"Boltive.BoltiveScriptMessageHandler\""
    },
    {
      "filePath": "\/Users\/buildserver\/server\/jenkins\/workspace\/boltive-ios-sdk\/Boltive\/Boltive\/BoltiveGADInfoExtractor.swift",
      "kind": "StringLiteral",
      "offset": 375,
      "length": 14,
      "value": "\"responseInfo\""
    },
    {
      "filePath": "\/Users\/buildserver\/server\/jenkins\/workspace\/boltive-ios-sdk\/Boltive\/Boltive\/BoltiveGADInfoExtractor.swift",
      "kind": "StringLiteral",
      "offset": 591,
      "length": 20,
      "value": "\"responseIdentifier\""
    },
    {
      "filePath": "\/Users\/buildserver\/server\/jenkins\/workspace\/boltive-ios-sdk\/Boltive\/Boltive\/BoltiveGADInfoExtractor.swift",
      "kind": "StringLiteral",
      "offset": 803,
      "length": 29,
      "value": "\"loadedAdNetworkResponseInfo\""
    },
    {
      "filePath": "\/Users\/buildserver\/server\/jenkins\/workspace\/boltive-ios-sdk\/Boltive\/Boltive\/BoltiveGADInfoExtractor.swift",
      "kind": "StringLiteral",
      "offset": 960,
      "length": 12,
      "value": "\"adSourceID\""
    },
    {
      "filePath": "\/Users\/buildserver\/server\/jenkins\/workspace\/boltive-ios-sdk\/Boltive\/Boltive\/BoltiveGADInfoExtractor.swift",
      "kind": "StringLiteral",
      "offset": 1161,
      "length": 14,
      "value": "\"adSourceName\""
    },
    {
      "filePath": "\/Users\/buildserver\/server\/jenkins\/workspace\/boltive-ios-sdk\/Boltive\/Boltive\/BoltiveGADInfoExtractor.swift",
      "kind": "StringLiteral",
      "offset": 1369,
      "length": 15,
      "value": "\"adUnitMapping\""
    },
    {
      "filePath": "\/Users\/buildserver\/server\/jenkins\/workspace\/boltive-ios-sdk\/Boltive\/Boltive\/BoltiveGADInfoExtractor.swift",
      "kind": "StringLiteral",
      "offset": 1596,
      "length": 26,
      "value": "\"dictionaryRepresentation\""
    },
    {
      "filePath": "\/Users\/buildserver\/server\/jenkins\/workspace\/boltive-ios-sdk\/Boltive\/Boltive\/Extensions\/WKWebView+Extensions.swift",
      "kind": "StringLiteral",
      "offset": 324,
      "length": 235,
      "value": "\"   function getFlag() {\n       return \""
    },
    {
      "filePath": "\/Users\/buildserver\/server\/jenkins\/workspace\/boltive-ios-sdk\/Boltive\/Boltive\/Extensions\/WKWebView+Extensions.swift",
      "kind": "StringLiteral",
      "offset": 450,
      "length": 1,
      "value": "\";\n   }\n\n   getFlag();\""
    },
    {
      "filePath": "\/Users\/buildserver\/server\/jenkins\/workspace\/boltive-ios-sdk\/Boltive\/Boltive\/Extensions\/WKWebView+Extensions.swift",
      "kind": "StringLiteral",
      "offset": 892,
      "length": 4399,
      "value": "\"\/\/ Set encoded url\nvar urlEncodedUrl = encodeURI(window.location.href);\n\nlet \""
    },
    {
      "filePath": "\/Users\/buildserver\/server\/jenkins\/workspace\/boltive-ios-sdk\/Boltive\/Boltive\/Extensions\/WKWebView+Extensions.swift",
      "kind": "StringLiteral",
      "offset": 1099,
      "length": 1,
      "value": "\" = 1;\n\nfunction createTagDetails(appName){\n    var tagDetails = {};\n    if (appName && appName.length > 0) {\n        tagDetails.topDomain = appName;\n    }\n    tagDetails.w = '\""
    },
    {
      "filePath": "\/Users\/buildserver\/server\/jenkins\/workspace\/boltive-ios-sdk\/Boltive\/Boltive\/Extensions\/WKWebView+Extensions.swift",
      "kind": "StringLiteral",
      "offset": 1454,
      "length": 2,
      "value": "\"';\n    tagDetails.h = '\""
    },
    {
      "filePath": "\/Users\/buildserver\/server\/jenkins\/workspace\/boltive-ios-sdk\/Boltive\/Boltive\/Extensions\/WKWebView+Extensions.swift",
      "kind": "StringLiteral",
      "offset": 1532,
      "length": 2,
      "value": "\"';\n    tagDetails.adServerDetails = {advertiserId: '\""
    },
    {
      "filePath": "\/Users\/buildserver\/server\/jenkins\/workspace\/boltive-ios-sdk\/Boltive\/Boltive\/Extensions\/WKWebView+Extensions.swift",
      "kind": "StringLiteral",
      "offset": 1672,
      "length": 19,
      "value": "\"%%ADVERTISER_ID%%\""
    },
    {
      "filePath": "\/Users\/buildserver\/server\/jenkins\/workspace\/boltive-ios-sdk\/Boltive\/Boltive\/Extensions\/WKWebView+Extensions.swift",
      "kind": "StringLiteral",
      "offset": 1692,
      "length": 16,
      "value": "\"', campaignId: '\""
    },
    {
      "filePath": "\/Users\/buildserver\/server\/jenkins\/workspace\/boltive-ios-sdk\/Boltive\/Boltive\/Extensions\/WKWebView+Extensions.swift",
      "kind": "StringLiteral",
      "offset": 1773,
      "length": 17,
      "value": "\"%%CAMPAIGN_ID%%\""
    },
    {
      "filePath": "\/Users\/buildserver\/server\/jenkins\/workspace\/boltive-ios-sdk\/Boltive\/Boltive\/Extensions\/WKWebView+Extensions.swift",
      "kind": "StringLiteral",
      "offset": 1791,
      "length": 16,
      "value": "\"', creativeId: '\""
    },
    {
      "filePath": "\/Users\/buildserver\/server\/jenkins\/workspace\/boltive-ios-sdk\/Boltive\/Boltive\/Extensions\/WKWebView+Extensions.swift",
      "kind": "StringLiteral",
      "offset": 1872,
      "length": 17,
      "value": "\"%%CREATIVE_ID%%\""
    },
    {
      "filePath": "\/Users\/buildserver\/server\/jenkins\/workspace\/boltive-ios-sdk\/Boltive\/Boltive\/Extensions\/WKWebView+Extensions.swift",
      "kind": "StringLiteral",
      "offset": 1890,
      "length": 16,
      "value": "\"', lineitemId: '\""
    },
    {
      "filePath": "\/Users\/buildserver\/server\/jenkins\/workspace\/boltive-ios-sdk\/Boltive\/Boltive\/Extensions\/WKWebView+Extensions.swift",
      "kind": "StringLiteral",
      "offset": 1971,
      "length": 17,
      "value": "\"%%LINEITEM_ID%%\""
    },
    {
      "filePath": "\/Users\/buildserver\/server\/jenkins\/workspace\/boltive-ios-sdk\/Boltive\/Boltive\/Extensions\/WKWebView+Extensions.swift",
      "kind": "StringLiteral",
      "offset": 1989,
      "length": 14,
      "value": "\"', adServer: '\""
    },
    {
      "filePath": "\/Users\/buildserver\/server\/jenkins\/workspace\/boltive-ios-sdk\/Boltive\/Boltive\/Extensions\/WKWebView+Extensions.swift",
      "kind": "StringLiteral",
      "offset": 2055,
      "length": 3,
      "value": "\"'};\n    tagDetails.au = '\""
    },
    {
      "filePath": "\/Users\/buildserver\/server\/jenkins\/workspace\/boltive-ios-sdk\/Boltive\/Boltive\/Extensions\/WKWebView+Extensions.swift",
      "kind": "StringLiteral",
      "offset": 2164,
      "length": 16,
      "value": "\"%%AD_UNIT_ID%%\""
    },
    {
      "filePath": "\/Users\/buildserver\/server\/jenkins\/workspace\/boltive-ios-sdk\/Boltive\/Boltive\/Extensions\/WKWebView+Extensions.swift",
      "kind": "StringLiteral",
      "offset": 2181,
      "length": 2,
      "value": "\"';\n    tagDetails.adResponseInfo = \""
    },
    {
      "filePath": "\/Users\/buildserver\/server\/jenkins\/workspace\/boltive-ios-sdk\/Boltive\/Boltive\/Extensions\/WKWebView+Extensions.swift",
      "kind": "StringLiteral",
      "offset": 2284,
      "length": 6,
      "value": "\"null\""
    },
    {
      "filePath": "\/Users\/buildserver\/server\/jenkins\/workspace\/boltive-ios-sdk\/Boltive\/Boltive\/Extensions\/WKWebView+Extensions.swift",
      "kind": "StringLiteral",
      "offset": 2291,
      "length": 1,
      "value": "\";\n    tagDetails.markupInDom = true;\n    tagDetails.refreshMessage = '\""
    },
    {
      "filePath": "\/Users\/buildserver\/server\/jenkins\/workspace\/boltive-ios-sdk\/Boltive\/Boltive\/Extensions\/WKWebView+Extensions.swift",
      "kind": "StringLiteral",
      "offset": 2472,
      "length": 22,
      "value": "\"%%SSP_REFRESH_CODE%%\""
    },
    {
      "filePath": "\/Users\/buildserver\/server\/jenkins\/workspace\/boltive-ios-sdk\/Boltive\/Boltive\/Extensions\/WKWebView+Extensions.swift",
      "kind": "StringLiteral",
      "offset": 2495,
      "length": 2,
      "value": "\"';\n    var timeBase36 = Date.now().toString(36);\n    var random = Math.random().toString(36).substring(2).split('')\n    .map(function (c) {\n    return (Math.random() < 0.5 ? c.toUpperCase() : c); }) .join('');\n    tagDetails.currentTagId=\"adltag_\" + timeBase36 + \"_\" + random;\n    \n    return tagDetails;\n}\n\n\/\/ Run after 2 scripts loading\nfunction runAfterLoading() {\n    var random = \"\" + Math.round(Math.random() * 1e8);\n    var clientId = \"\""
    },
    {
      "filePath": "\/Users\/buildserver\/server\/jenkins\/workspace\/boltive-ios-sdk\/Boltive\/Boltive\/Extensions\/WKWebView+Extensions.swift",
      "kind": "StringLiteral",
      "offset": 3257,
      "length": 2,
      "value": "\"\";\n    var site_id = random + \"_\" + clientId;\n    window[site_id]={};\n    window[site_id].tagDetails=createTagDetails('\""
    },
    {
      "filePath": "\/Users\/buildserver\/server\/jenkins\/workspace\/boltive-ios-sdk\/Boltive\/Boltive\/Extensions\/WKWebView+Extensions.swift",
      "kind": "StringLiteral",
      "offset": 3501,
      "length": 2,
      "value": "\"\""
    },
    {
      "filePath": "\/Users\/buildserver\/server\/jenkins\/workspace\/boltive-ios-sdk\/Boltive\/Boltive\/Extensions\/WKWebView+Extensions.swift",
      "kind": "StringLiteral",
      "offset": 3504,
      "length": 3,
      "value": "\"');\n    \n    const adMarkup = document.documentElement.innerHTML;\n    blocker(site_id, adMarkup, false, window);\n}\n\n\/\/ Inject blocker and blacklist\nvar blockerName = 'https:\/\/tagan.adlightning.com\/\""
    },
    {
      "filePath": "\/Users\/buildserver\/server\/jenkins\/workspace\/boltive-ios-sdk\/Boltive\/Boltive\/Extensions\/WKWebView+Extensions.swift",
      "kind": "StringLiteral",
      "offset": 3894,
      "length": 1,
      "value": "\"\/blocking_script_app.js';\nvar blacklistName = 'https:\/\/tagan.adlightning.com\/\""
    },
    {
      "filePath": "\/Users\/buildserver\/server\/jenkins\/workspace\/boltive-ios-sdk\/Boltive\/Boltive\/Extensions\/WKWebView+Extensions.swift",
      "kind": "StringLiteral",
      "offset": 4038,
      "length": 1,
      "value": "\"\/blacklist_script.js';\n        \nvar counter = 0;\n        \nvar script = document.createElement('script');\nscript.onload = function() {\n   counter++;\n   if (counter === 2) {\n       runAfterLoading();\n   }\n}\nscript.type = 'text\/javascript';\nscript.defer = '';\nscript.src = blockerName;\ndocument.head.insertBefore(script, document.head.childNodes[0])\n        \nvar secondScript = document.createElement('script');\nsecondScript.onload = function() {\n   counter++;\n   if (counter === 2) {\n       runAfterLoading();\n   }\n}\nsecondScript.type = 'text\/javascript';\nsecondScript.defer = '';\nsecondScript.src = blacklistName;\ndocument.head.insertBefore(secondScript, document.head.childNodes[1])\""
    },
    {
      "filePath": "\/Users\/buildserver\/server\/jenkins\/workspace\/boltive-ios-sdk\/Boltive\/Boltive\/BoltiveTimer.swift",
      "kind": "IntegerLiteral",
      "offset": 403,
      "length": 1,
      "value": "0"
    },
    {
      "filePath": "\/Users\/buildserver\/server\/jenkins\/workspace\/boltive-ios-sdk\/Boltive\/Boltive\/BoltiveTimer.swift",
      "kind": "IntegerLiteral",
      "offset": 571,
      "length": 1,
      "value": "1"
    },
    {
      "filePath": "\/Users\/buildserver\/server\/jenkins\/workspace\/boltive-ios-sdk\/Boltive\/Boltive\/BoltiveTimer.swift",
      "kind": "IntegerLiteral",
      "offset": 1006,
      "length": 1,
      "value": "1"
    }
  ]
}